InChI,target,SMILES
"InChI=1S/C5H10/c1-4-5(2)3/h4-5H,1H2,2-3H3",1.83,C=CC(C)C
"InChI=1S/C7H16O/c1-2-3-4-5-6-7-8/h8H,2-7H2,1H3",-4.21,CCCCCCCO
"InChI=1S/C8H10O/c1-6-3-7(2)5-8(9)4-6/h3-5,9H,1-2H3",-6.27,Cc1cc(C)cc(O)c1
"InChI=1S/C6H14/c1-5(2)6(3)4/h5-6H,1-4H3",2.34,CC(C)C(C)C
"InChI=1S/C6H14O/c1-4-5-6(2,3)7/h7H,4-5H2,1-3H3",-3.92,CCCC(C)(C)O
"InChI=1S/C8H16/c1-7-5-3-4-6-8(7)2/h7-8H,3-6H2,1-2H3/t7-,8+",1.58,C[C@H]1CCCC[C@H]1C
"InChI=1S/C4H10O/c1-3-4(2)5/h4-5H,3H2,1-2H3/t4-/m0/s1",-4.62,CC[C@H](C)O
"InChI=1S/C7H9N/c1-2-7-5-3-4-6-8-7/h3-6H,2H2,1H3",-4.33,CCc1ccccn1
"InChI=1S/C7H14O2/c1-3-5-6-7(8)9-4-2/h3-6H2,1-2H3",-2.49,CCCCC(=O)OCC
"InChI=1S/C10H18O/c1-9(2)5-4-6-10(3)7-8-11/h5,7,11H,4,6,8H2,1-3H3/b10-7-",-4.78,CC(C)=CCC/C(C)=C\CO
"InChI=1S/C6H5BrO/c7-5-1-3-6(8)4-2-5/h1-4,8H",-5.85,Oc1ccc(Br)cc1
"InChI=1S/C7H16/c1-5-6-7(2,3)4/h5-6H2,1-4H3",2.88,CCCC(C)(C)C
"InChI=1S/C6H10O4/c1-5(7)9-3-4-10-6(2)8/h3-4H2,1-2H3",-6.34,CC(=O)OCCOC(C)=O
"InChI=1S/C9H22O4P2S4/c1-5-10-14(16,11-6-2)18-9-19-15(17,12-7-3)13-8-4/h5-9H2,1-4H3",-6.1,CCOP(=S)(OCC)SCSP(=S)(OCC)OCC
"InChI=1S/C5H8O2/c1-7-5(6)4-2-3-4/h4H,2-3H2,1H3",-4.1,COC(=O)C1CC1
InChI=1S/C7H5N/c8-6-7-4-2-1-3-5-7/h1-5H,-4.1,N#Cc1ccccc1
"InChI=1S/C5H9N/c1-2-3-4-5-6/h2-4H2,1H3",-3.52,CCCCC#N
"InChI=1S/C7H14O/c1-5(2)7(8)6(3)4/h5-6H,1-4H3",-2.74,CC(C)C(=O)C(C)C
"InChI=1S/C3H6O/c1-2-3-4/h3H,2H2,1H3",-3.43,CCC=O
"InChI=1S/C8H10/c1-7-3-5-8(2)6-4-7/h3-6H,1-2H3",-0.7999999999999998,Cc1ccc(C)cc1
"InChI=1S/C5H8/c1-3-5-4-2/h3-4H,1-2,5H2",0.9299999999999996,C=CCC=C
"InChI=1S/C9H11NO/c1-10(2)9(11)8-6-4-3-5-7-8/h3-7H,1-2H3",-9.29,CN(C)C(=O)c1ccccc1
"InChI=1S/C4H11N/c1-3-5-4-2/h5H,3-4H2,1-2H3",-4.07,CCNCC
"InChI=1S/C10H14O/c1-10(2,3)8-4-6-9(11)7-5-8/h4-7,11H,1-3H3",-5.91,CC(C)(C)c1ccc(O)cc1
"InChI=1S/C6H12O2/c1-6(2)3-4-8-5-7/h5-6H,3-4H2,1-2H3",-2.13,CC(C)CCOC=O
"InChI=1S/C10H22O/c1-2-3-4-5-6-7-8-9-10-11/h11H,2-10H2,1H3",-3.64,CCCCCCCCCCO
"InChI=1S/C5H10O2/c1-3-5(6)7-4-2/h3-4H2,1-2H3",-2.68,CCOC(=O)CC
"InChI=1S/C3H7NO/c1-3(5)4-2/h1-2H3,(H,4,5)",-10.0,CN=C(C)O
"InChI=1S/C9H18/c1-3-5-7-9-8-6-4-2/h3H,1,4-9H2,2H3",2.06,C=CCCCCCCC
"InChI=1S/C10H8O/c11-10-6-5-8-3-1-2-4-9(8)7-10/h1-7,11H",-8.11,Oc1ccc2ccccc2c1
InChI=1S/C6H3Cl3/c7-4-1-2-5(8)6(9)3-4/h1-3H,-1.12,Clc1ccc(Cl)c(Cl)c1
"InChI=1S/C6H14O6/c7-1-3(9)5(11)6(12)4(10)2-8/h3-12H,1-2H2/t3-,4-,5-,6-/m1/s1",-23.62,OC[C@@H](O)[C@@H](O)[C@H](O)[C@H](O)CO
"InChI=1S/C5H10O2/c1-3-4-5(6)7-2/h3-4H2,1-2H3",-2.83,CCCC(=O)OC
"InChI=1S/C7H6O2/c8-5-6-3-1-2-4-7(6)9/h1-5,9H",-4.68,O=Cc1ccccc1O
"InChI=1S/C6H15N/c1-3-5-7-6-4-2/h7H,3-6H2,1-2H3",-3.65,CCCNCCC
"InChI=1S/C6H7N/c7-6-4-2-1-3-5-6/h1-5H,7H2",-5.49,Nc1ccccc1
"InChI=1S/CF4/c2-1(3,4)5",3.12,FC(F)(F)F
"InChI=1S/C5H12O/c1-3-5(2)4-6/h5-6H,3-4H2,1-2H3/t5-/m1/s1",-4.42,CC[C@@H](C)CO
"InChI=1S/C6H5IO/c7-5-3-1-2-4-6(5)8/h1-4,8H",-6.2,Oc1ccccc1I
"InChI=1S/C8H10O3/c1-10-6-4-3-5-7(11-2)8(6)9/h3-5,9H,1-2H3",-6.96,COc1cccc(OC)c1O
"InChI=1S/C4H6/c1-3-4-2/h1H,4H2,2H3",-0.16000000000000014,C#CCC
"InChI=1S/C7H5F3/c8-7(9,10)6-4-2-1-3-5-6/h1-5H",-0.25,FC(F)(F)c1ccccc1
"InChI=1S/C6H7N/c1-6-4-2-3-5-7-6/h2-5H,1H3",-4.63,Cc1ccccn1
"InChI=1S/C7H12ClN5/c1-3-9-6-11-5(8)12-7(13-6)10-4-2/h3-4H2,1-2H3,(H2,9,10,11,12,13)",-10.22,CCN=c1nc(Cl)[nH]c(=NCC)[nH]1
"InChI=1S/C8H19N/c1-2-3-4-5-6-7-8-9/h2-9H2,1H3",-3.65,CCCCCCCCN
InChI=1S/H3N/h1H3,-4.29,N
"InChI=1S/C8H4F6/c9-7(10,11)5-3-1-2-4-6(5)8(12,13)14/h1-4H",1.0700000000000005,FC(F)(F)c1ccccc1C(F)(F)F
"InChI=1S/C11H16/c1-2-3-5-8-11-9-6-4-7-10-11/h4,6-7,9-10H,2-3,5,8H2,1H3",-0.23,CCCCCc1ccccc1
"InChI=1S/C2H4F2/c1-2(3)4/h2H,1H3",-0.10999999999999988,CC(F)F
"InChI=1S/C10H8ClN3O/c11-9-8(12)6-13-14(10(9)15)7-4-2-1-3-5-7/h1-6H,12H2",-16.43,Nc1cnn(-c2ccccc2)c(=O)c1Cl
"InChI=1S/C4H6/c1-3-4-2/h3-4H,1-2H2",0.5599999999999996,C=CC=C
InChI=1S/C3H9N/c1-4(2)3/h1-3H3,-3.2,CN(C)C
"InChI=1S/C6H13NO/c1-2-3-4-5-6(7)8/h2-5H2,1H3,(H2,7,8)",-9.31,CCCCCC(=N)O
"InChI=1S/C2H5NO4/c4-1-2-7-3(5)6/h4H,1-2H2",-8.18,O=[N+]([O-])OCCO
"InChI=1S/C8H16O/c1-3-4-5-6-7-8(2)9/h3-7H2,1-2H3",-2.88,CCCCCCC(C)=O
"InChI=1S/C7H8/c1-2-4-6-7-5-3-1/h1-6H,7H2",-0.9900000000000002,C1=CC=CCC=C1
"InChI=1S/C2H4Cl2/c1-2(3)4/h2H,1H3",-0.8399999999999999,CC(Cl)Cl
"InChI=1S/C12H10/c1-3-9-4-2-6-11-8-7-10(5-1)12(9)11/h1-6H,7-8H2",-3.15,c1cc2c3c(cccc3c1)CC2
"InChI=1S/C8H17Br/c1-2-3-4-5-6-7-8-9/h2-8H2,1H3",0.5200000000000005,CCCCCCCCBr
"InChI=1S/C4H3BrN2O2/c5-2-1-6-4(9)7-3(2)8/h1H,(H2,6,7,8,9)",-18.17,Oc1ncc(Br)c(O)n1
"InChI=1S/C4H10/c1-3-4-2/h3-4H2,1-2H3",2.1000000000000005,CCCC
InChI=1S/CH3Cl/c1-2/h1H3,-0.5499999999999998,CCl
"InChI=1S/C4H9Br/c1-4(2)3-5/h4H,3H2,1-2H3",-0.029999999999999805,CC(C)CBr
"InChI=1S/C7H16/c1-3-5-7-6-4-2/h3-7H2,1-2H3",2.67,CCCCCCC
"InChI=1S/C3H4N2/c1-2-5-3-4-1/h1-3H,(H,4,5)",-9.63,c1c[nH]cn1
InChI=1S/C12H4Cl4O2/c13-5-1-2-7-8(3-5)17-9-4-6(14)10(15)11(16)12(9)18-7/h1-4H,-3.84,Clc1ccc2c(c1)Oc1cc(Cl)c(Cl)c(Cl)c1O2
InChI=1S/CH2I2/c2-1-3/h1H2,-2.49,ICI
"InChI=1S/C10H21NOS/c1-4-7-11(8-5-2)10(12)13-9-6-3/h4-9H2,1-3H3",-4.13,CCCSC(=O)N(CCC)CCC
"InChI=1S/C3H8O/c1-3-4-2/h3H2,1-2H3",-2.1,CCOC
"InChI=1S/C5H11ClO3/c1-7-5(4-6,8-2)9-3/h4H2,1-3H3",-4.59,COC(CCl)(OC)OC
"InChI=1S/C4H10/c1-4(2)3/h4H,1-3H3",2.3,CC(C)C
"InChI=1S/C5H10O2/c1-4(2)3-5(6)7/h4H,3H2,1-2H3,(H,6,7)",-6.09,CC(C)CC(=O)O
"InChI=1S/C12H14Cl3O4P/c1-3-17-20(16,18-4-2)19-12(8-13)10-6-5-9(14)7-11(10)15/h5-8H,3-4H2,1-2H3/b12-8+",-7.07,CCOP(=O)(OCC)O/C(=C/Cl)c1ccc(Cl)cc1Cl
"InChI=1S/C6H14O/c1-3-5-6(7)4-2/h6-7H,3-5H2,1-2H3/t6-/m0/s1",-4.06,CCC[C@@H](O)CC
InChI=1S/C2H3N/c1-2-3/h1H3,-3.88,CC#N
"InChI=1S/C9H10F3N/c1-13(7-9(10,11)12)8-5-3-2-4-6-8/h2-6H,7H2,1H3",-1.92,CN(CC(F)(F)F)c1ccccc1
"InChI=1S/C3H2ClF5O/c4-1(3(7,8)9)10-2(5)6/h1-2H/t1-/m0/s1",0.10000000000000007,FC(F)O[C@H](Cl)C(F)(F)F
"InChI=1S/C6H10/c1-3-5-6-4-2/h3-4H,1-2,5-6H2",1.0099999999999998,C=CCCC=C
InChI=1S/C3H6O2/c1-3(4)5-2/h1-2H3,-3.13,COC(C)=O
"InChI=1S/C10H14O3/c1-11-10(12-2,13-3)9-7-5-4-6-8-9/h4-8H,1-3H3",-4.04,COC(OC)(OC)c1ccccc1
"InChI=1S/C9H10O2/c1-2-11-9(10)8-6-4-3-5-7-8/h3-7H,2H2,1H3",-3.64,CCOC(=O)c1ccccc1
"InChI=1S/C7H14O/c1-3-4-5-6-7(2)8/h3-6H2,1-2H3",-3.04,CCCCCC(C)=O
"InChI=1S/C12H15NO3/c1-12(2)7-8-5-4-6-9(10(8)16-12)15-11(14)13-3/h4-6H,7H2,1-3H3,(H,13,14)",-9.61,CN=C(O)Oc1cccc2c1OC(C)(C)C2
"InChI=1S/C7H7Br/c8-6-7-4-2-1-3-5-7/h1-5H,6H2",-2.38,BrCc1ccccc1
"InChI=1S/C8H16O2/c1-3-5-6-7-8(9)10-4-2/h3-7H2,1-2H3",-2.23,CCCCCC(=O)OCC
"InChI=1S/C4H10O/c1-3-4-5-2/h3-4H2,1-2H3",-1.66,CCCOC
"InChI=1S/C5H11NO/c1-6-2-4-7-5-3-6/h2-5H2,1H3",-6.32,CN1CCOCC1
"InChI=1S/C7H5NO/c8-5-6-2-1-3-7(9)4-6/h1-4,9H",-9.65,N#Cc1cccc(O)c1
InChI=1S/C12H4Cl6/c13-6-2-1-5(3-7(6)14)10-11(17)8(15)4-9(16)12(10)18/h1-4H,-4.38,Clc1ccc(-c2c(Cl)c(Cl)cc(Cl)c2Cl)cc1Cl
"InChI=1S/C9H12/c1-2-6-9-7-4-3-5-8-9/h3-5,7-8H,2,6H2,1H3",-0.5300000000000002,CCCc1ccccc1
"InChI=1S/C8H10N4O2/c1-10-4-9-6-5(10)7(13)12(3)8(14)11(6)2/h4H,1-3H3",-12.64,Cn1c(=O)c2c(ncn2C)n(C)c1=O
"InChI=1S/C2H7N/c1-3-2/h3H,1-2H3",-4.29,CNC
"InChI=1S/C3F6/c4-1(2(5)6)3(7,8)9",2.9300000000000006,FC(F)=C(F)C(F)(F)F
"InChI=1S/C6H5ClO/c7-5-1-3-6(8)4-2-5/h1-4,8H",-7.03,Oc1ccc(Cl)cc1
"InChI=1S/C5H11N/c1-2-4-6-5-3-1/h6H,1-5H2",-5.11,C1CCNCC1
InChI=1S/C14H10/c1-3-7-13-11(5-1)9-10-12-6-2-4-8-14(12)13/h1-10H,-3.88,c1ccc2c(c1)ccc1ccccc12
"InChI=1S/C8H8Cl2O3/c1-12-7-4(9)3-5(10)8(13-2)6(7)11/h3,11H,1-2H3",-6.44,COc1c(Cl)cc(Cl)c(OC)c1O
InChI=1S/C2H2Cl2/c3-1-2-4/h1-2H/b2-1+,-0.7800000000000002,Cl/C=C/Cl
"InChI=1S/C5H12/c1-3-5-4-2/h3-5H2,1-2H3",2.3,CCCCC
"InChI=1S/C4H7N/c1-2-3-4-5/h2-3H2,1H3",-3.64,CCCC#N
"InChI=1S/C2HBrF4/c3-1(4)2(5,6)7/h1H/t1-/m0/s1",0.5,F[C@H](Br)C(F)(F)F
"InChI=1S/C8H12N2/c1-7(2)5-8-6-9-3-4-10-8/h3-4,6-7H,5H2,1-2H3",-5.04,CC(C)Cc1cnccn1
"InChI=1S/C4H9NO3/c1-3-4(2)8-5(6)7/h4H,3H2,1-2H3/t4-/m0/s1",-1.82,CC[C@H](C)O[N+](=O)[O-]
InChI=1S/C12H8Cl2/c13-10-6-7-12(14)11(8-10)9-4-2-1-3-5-9/h1-8H,-2.46,Clc1ccc(Cl)c(-c2ccccc2)c1
InChI=1S/C12H6Cl4/c13-9-6-8(7-4-2-1-3-5-7)10(14)12(16)11(9)15/h1-6H,-3.48,Clc1cc(-c2ccccc2)c(Cl)c(Cl)c1Cl
"InChI=1S/C7H16/c1-5-7(4)6(2)3/h6-7H,5H2,1-4H3/t7-/m1/s1",2.5200000000000005,CC[C@@H](C)C(C)C
"InChI=1S/C6H14O/c1-5(2)4-6(3)7/h5-7H,4H2,1-3H3/t6-/m1/s1",-3.73,CC(C)C[C@@H](C)O
InChI=1S/C3H6/c1-2-3-1/h1-3H2,0.75,C1CC1
InChI=1S/C12H3Cl7/c13-6-1-4(2-7(14)10(6)17)5-3-8(15)11(18)12(19)9(5)16/h1-3H,-3.17,Clc1cc(-c2cc(Cl)c(Cl)c(Cl)c2Cl)cc(Cl)c1Cl
InChI=1S/C2H2Cl2/c1-2(3)4/h1H2,0.25,C=C(Cl)Cl
"InChI=1S/C4H10O/c1-4(2)3-5/h4-5H,3H2,1-2H3",-4.5,CC(C)CO
"InChI=1S/C2Cl6/c3-1(4,5)2(6,7)8",-0.6400000000000001,ClC(Cl)(Cl)C(Cl)(Cl)Cl
"InChI=1S/C8H10O/c1-2-7-5-3-4-6-8(7)9/h3-6,9H,2H2,1H3",-5.66,CCc1ccccc1O
"InChI=1S/C5H8/c1-4-5(2)3/h4H,1-2H2,3H3",0.6799999999999997,C=CC(=C)C
"InChI=1S/C10H14/c1-8(2)10-6-4-9(3)5-7-10/h4-8H,1-3H3",-0.6800000000000002,Cc1ccc(C(C)C)cc1
"InChI=1S/C4H6N2/c1-6-3-2-5-4-6/h2-4H,1H3",-8.41,Cn1ccnc1
"InChI=1S/C2H6O2/c3-1-2-4/h3-4H,1-2H2",-9.3,OCCO
InChI=1S/C6H4Cl2/c7-5-3-1-2-4-6(5)8/h1-4H,-1.3600000000000003,Clc1ccccc1Cl
"InChI=1S/C4H3ClN2O2/c5-2-1-3(8)7-4(9)6-2/h1H,(H2,6,7,8,9)",-15.829999999999998,Oc1cc(Cl)nc(O)n1
"InChI=1S/C4H8O2/c1-2-3-6-4-5/h4H,2-3H2,1H3",-2.48,CCCOC=O
InChI=1S/C12H7ClO2/c13-8-5-6-11-12(7-8)15-10-4-2-1-3-9(10)14-11/h1-7H,-3.1,Clc1ccc2c(c1)Oc1ccccc1O2
"InChI=1S/C6H12O2/c1-2-3-4-5-6(7)8/h2-5H2,1H3,(H,7,8)",-6.21,CCCCCC(=O)O
"InChI=1S/C8H14O4/c1-3-11-7(9)5-6-8(10)12-4-2/h3-6H2,1-2H3",-5.71,CCOC(=O)CCC(=O)OCC
"InChI=1S/C6H14N2/c1-7-3-5-8(2)6-4-7/h3-6H2,1-2H3",-7.58,CN1CCN(C)CC1
InChI=1S/C6H4O2/c7-5-1-2-6(8)4-3-5/h1-4H,-6.5,O=C1C=CC(=O)C=C1
"InChI=1S/C3H5ClO2/c1-6-3(5)2-4/h2H2,1H3",-4.0,COC(=O)CCl
"InChI=1S/C8H10/c1-2-8-6-4-3-5-7-8/h3-7H,2H2,1H3",-0.79,CCc1ccccc1
InChI=1S/C2HCl3/c3-1-2(4)5/h1H,-0.44,ClC=C(Cl)Cl
InChI=1S/C12H3Cl5O2/c13-4-1-2-5-6(3-4)19-12-10(17)8(15)7(14)9(16)11(12)18-5/h1-3H,-4.15,Clc1ccc2c(c1)Oc1c(Cl)c(Cl)c(Cl)c(Cl)c1O2
"InChI=1S/C3H3N3O3/c7-1-4-2(8)6-3(9)5-1/h(H3,4,5,6,7,8,9)",-18.06,Oc1nc(O)nc(O)n1
InChI=1S/C7H6O/c8-6-7-4-2-1-3-5-7/h1-6H,-4.02,O=Cc1ccccc1
InChI=1S/C5H4ClN/c6-5-3-1-2-4-7-5/h1-4H,-4.39,Clc1ccccn1
"InChI=1S/C3H5Cl/c1-2-3-4/h2H,1,3H2",-0.5699999999999998,C=CCCl
"InChI=1S/C9H10O/c1-7-3-5-9(6-4-7)8(2)10/h3-6H,1-2H3",-4.7,CC(=O)c1ccc(C)cc1
InChI=1S/CH2O/c1-2/h1H2,-2.75,C=O
"InChI=1S/C7H7Cl/c1-6-4-2-3-5-7(6)8/h2-5H,1H3",-1.1399999999999997,Cc1ccccc1Cl
"InChI=1S/C6H11NO/c1-6(8)7-4-2-3-5-7/h2-5H2,1H3",-9.8,CC(=O)N1CCCC1
"InChI=1S/C5H12O3/c1-5(6-2,7-3)8-4/h1-4H3",-4.42,COC(C)(OC)OC
"InChI=1S/C10H14/c1-2-3-7-10-8-5-4-6-9-10/h4-6,8-9H,2-3,7H2,1H3",-0.3999999999999999,CCCCc1ccccc1
"InChI=1S/C8H11N/c1-9(2)8-6-4-3-5-7-8/h3-7H,1-2H3",-3.45,CN(C)c1ccccc1
"InChI=1S/C4H10O/c1-4(2)5-3/h4H,1-3H3",-2.01,COC(C)C
InChI=1S/C12Cl8O2/c13-1-2(14)6(18)10-9(5(1)17)21-11-7(19)3(15)4(16)8(20)12(11)22-10,-4.53,Clc1c(Cl)c(Cl)c2c(c1Cl)Oc1c(Cl)c(Cl)c(Cl)c(Cl)c1O2
InChI=1S/C12Cl10/c13-3-1(4(14)8(18)11(21)7(3)17)2-5(15)9(19)12(22)10(20)6(2)16,-2.98,Clc1c(Cl)c(Cl)c(-c2c(Cl)c(Cl)c(Cl)c(Cl)c2Cl)c(Cl)c1Cl
"InChI=1S/C2H3Cl3/c3-1-2(4)5/h2H,1H2",-1.99,ClCC(Cl)Cl
"InChI=1S/C7H9N/c1-8-7-5-3-2-4-6-7/h2-6,8H,1H3",-4.69,CNc1ccccc1
"InChI=1S/C5H10O2/c1-4(2)7-5(3)6/h4H,1-3H3",-2.64,CC(=O)OC(C)C
InChI=1S/C6H6/c1-2-4-6-5-3-1/h1-6H,-0.8999999999999999,c1ccccc1
InChI=1S/C6H3Cl3/c7-4-2-1-3-5(8)6(4)9/h1-3H,-1.2400000000000002,Clc1cccc(Cl)c1Cl
"InChI=1S/C11H16ClO2PS3/c1-3-13-15(16,14-4-2)18-9-17-11-7-5-10(12)6-8-11/h5-8H,3-4,9H2,1-2H3",-6.5,CCOP(=S)(OCC)SCSc1ccc(Cl)cc1
InChI=1S/C12H5Cl3O2/c13-6-5-7(14)11-12(10(6)15)17-9-4-2-1-3-8(9)16-11/h1-5H,-4.05,Clc1cc(Cl)c2c(c1Cl)Oc1ccccc1O2
"InChI=1S/C6H10/c1-5(2)6(3)4/h1,3H2,2,4H3",0.4000000000000004,C=C(C)C(=C)C
"InChI=1S/C6H12/c1-3-5-6-4-2/h3H,1,4-6H2,2H3",1.58,C=CCCCC
"InChI=1S/C4H10O/c1-3-5-4-2/h3-4H2,1-2H3",-1.59,CCOCC
"InChI=1S/C9H17N5S/c1-5-10-7-12-8(11-6(2)3)14-9(13-7)15-4/h6H,5H2,1-4H3,(H2,10,11,12,13,14)",-7.65,CCN=c1nc(SC)[nH]c(=NC(C)C)[nH]1
"InChI=1S/C11H14O3/c1-2-3-8-14-11(13)9-4-6-10(12)7-5-9/h4-7,12H,2-3,8H2,1H3",-8.72,CCCCOC(=O)c1ccc(O)cc1
InChI=1S/C5H8O/c6-5-3-1-2-4-5/h1-4H2,-4.7,O=C1CCCC1
"InChI=1S/C5H10O2/c1-2-3-4-5(6)7/h2-4H2,1H3,(H,6,7)",-6.16,CCCCC(=O)O
"InChI=1S/C12H12/c1-9-3-5-12-8-10(2)4-6-11(12)7-9/h3-8H,1-2H3",-2.63,Cc1ccc2cc(C)ccc2c1
"InChI=1S/C6H14O/c1-2-3-4-5-6-7/h7H,2-6H2,1H3",-4.4,CCCCCCO
InChI=1S/C12H9Cl/c13-12-9-5-4-8-11(12)10-6-2-1-3-7-10/h1-9H,-2.69,Clc1ccccc1-c1ccccc1
"InChI=1S/C7H12/c1-7-5-3-2-4-6-7/h5H,2-4,6H2,1H3",0.6699999999999999,CC1=CCCCC1
"InChI=1S/C6H13NO3/c1-2-3-4-5-6-10-7(8)9/h2-6H2,1H3",-1.66,CCCCCCO[N+](=O)[O-]
InChI=1S/CHBr3/c2-1(3)4/h1H,-2.13,BrC(Br)Br
"InChI=1S/C8H10O/c1-2-7-3-5-8(9)6-4-7/h3-6,9H,2H2,1H3",-6.13,CCc1ccc(O)cc1
"InChI=1S/C5H12O2/c1-2-4-7-5-3-6/h6H,2-5H2,1H3",-6.4,CCCOCCO
"InChI=1S/C4H3IN2O2/c5-2-1-6-4(9)7-3(2)8/h1H,(H2,6,7,8,9)",-18.72,Oc1ncc(I)c(O)n1
"InChI=1S/C4H8O2/c1-2-3-4(5)6/h2-3H2,1H3,(H,5,6)",-6.35,CCCC(=O)O
"InChI=1S/C5H10O5/c6-2-1-10-5(9)4(8)3(2)7/h2-9H,1H2/t2-,3+,4-,5+/m1/s1",-20.52,O[C@H]1OC[C@@H](O)[C@H](O)[C@H]1O
"InChI=1S/CBrF3/c2-1(3,4)5",1.79,FC(F)(F)Br
"InChI=1S/C4H10O/c1-2-3-4-5/h5H,2-4H2,1H3",-4.72,CCCCO
InChI=1S/C6H5F/c7-6-4-2-1-3-5-6/h1-5H,-0.7999999999999998,Fc1ccccc1
"InChI=1S/C4H8O2/c1-3-6-4(2)5/h3H2,1-2H3",-2.94,CCOC(C)=O
"InChI=1S/C5H12O/c1-5(2,3)6-4/h1-4H3",-2.21,COC(C)(C)C
"InChI=1S/C10H5Cl7/c11-4-2-1-3-5(4)9(15)7(13)6(12)8(3,14)10(9,16)17/h1-5H/t3-,4-,5-,8-,9+/m0/s1",-2.55,ClC1=C(Cl)[C@]2(Cl)[C@@H]3[C@@H](Cl)C=C[C@@H]3[C@@]1(Cl)C2(Cl)Cl
"InChI=1S/C3H3F3O2/c1-8-2(7)3(4,5)6/h1H3",-1.1,COC(=O)C(F)(F)F
InChI=1S/C10H8/c1-2-6-10-8-4-3-7-9(10)5-1/h1-8H,-2.4,c1ccc2ccccc2c1
InChI=1S/C12H3Cl7/c13-6-2-1-4(8(15)10(6)17)5-3-7(14)11(18)12(19)9(5)16/h1-3H,-4.4,Clc1ccc(-c2cc(Cl)c(Cl)c(Cl)c2Cl)c(Cl)c1Cl
"InChI=1S/C6H12O/c1-5(7)6(2,3)4/h1-4H3",-3.11,CC(=O)C(C)(C)C
"InChI=1S/C2H6O3S/c1-5-6(2,3)4/h1-2H3",-4.87,COS(C)(=O)=O
"InChI=1S/C6H15N/c1-5(2)7-6(3)4/h5-7H,1-4H3",-3.22,CC(C)NC(C)C
InChI=1S/C12H6Cl2O2/c13-7-1-3-9-11(5-7)16-10-4-2-8(14)6-12(10)15-9/h1-6H,-3.67,Clc1ccc2c(c1)Oc1ccc(Cl)cc1O2
"InChI=1S/C7H17N/c1-2-3-4-5-6-7-8/h2-8H2,1H3",-3.79,CCCCCCCN
"InChI=1S/C6H12/c1-6-4-2-3-5-6/h6H,2-5H2,1H3",1.59,CC1CCCC1
"InChI=1S/C3H8/c1-3-2/h3H2,1-2H3",2.0,CCC
InChI=1S/CH2Cl2/c2-1-3/h1H2,-1.31,ClCCl
InChI=1S/C4H8O2S/c5-7(6)3-1-2-4-7/h1-4H2,-8.61,O=S1(=O)CCCC1
"InChI=1S/C8H10O/c1-6-4-3-5-7(2)8(6)9/h3-5,9H,1-2H3",-5.26,Cc1cccc(C)c1O
"InChI=1S/C7H8O/c1-6-3-2-4-7(8)5-6/h2-5,8H,1H3",-5.49,Cc1cccc(O)c1
"InChI=1S/C14H9NO3/c15-9-5-6-10(16)12-11(9)13(17)7-3-1-2-4-8(7)14(12)18/h1-6,16H,15H2",-9.53,Nc1ccc(O)c2c1C(=O)c1ccccc1C2=O
"InChI=1S/C14H10N2O2/c15-9-5-6-10(16)12-11(9)13(17)7-3-1-2-4-8(7)14(12)18/h1-6H,15-16H2",-11.849999999999998,Nc1ccc(N)c2c1C(=O)c1ccccc1C2=O
"InChI=1S/C9H18O/c1-3-4-5-6-7-8-9(2)10/h3-8H2,1-2H3",-2.49,CCCCCCCC(C)=O
"InChI=1S/C4H11N/c1-2-3-4-5/h2-5H2,1H3",-4.24,CCCCN
"InChI=1S/C6H12O2/c1-3-5-6(7)8-4-2/h3-5H2,1-2H3",-2.49,CCCC(=O)OCC
"InChI=1S/C7H9N/c1-6-2-4-7(8)5-3-6/h2-5H,8H2,1H3",-5.57,Cc1ccc(N)cc1
"InChI=1S/C6H13I/c1-2-3-4-5-6-7/h2-6H2,1H3",0.08000000000000007,CCCCCCI
"InChI=1S/C2Cl3F3/c3-1(4,6)2(5,7)8",1.7700000000000005,FC(F)(Cl)C(F)(Cl)Cl
"InChI=1S/C3H9O4P/c1-5-8(4,6-2)7-3/h1-3H3",-8.7,COP(=O)(OC)OC
InChI=1S/C6H4Cl2/c7-5-2-1-3-6(8)4-5/h1-4H,-0.98,Clc1cccc(Cl)c1
"InChI=1S/C12H12/c1-9-7-10(2)12-6-4-3-5-11(12)8-9/h3-8H,1-2H3",-2.47,Cc1cc(C)c2ccccc2c1
"InChI=1S/C6H14/c1-4-5-6(2)3/h6H,4-5H2,1-3H3",2.51,CCCC(C)C
"InChI=1S/C9H11Cl3NO3PS/c1-3-14-17(18,15-4-2)16-9-7(11)5-6(10)8(12)13-9/h5H,3-4H2,1-2H3",-5.04,CCOP(=S)(OCC)Oc1nc(Cl)c(Cl)cc1Cl
"InChI=1S/C2H2ClF3/c3-1-2(4,5)6/h1H2",0.06000000000000005,FC(F)(F)CCl
InChI=1S/C2H4/c1-2/h1-2H2,1.2800000000000002,C=C
"InChI=1S/C5H11I/c1-2-3-4-5-6/h2-5H2,1H3",-0.14000000000000012,CCCCCI
"InChI=1S/C4H10O3/c1-5-4(6-2)7-3/h4H,1-3H3",-4.42,COC(OC)OC
"InChI=1S/C10H22/c1-3-5-7-9-10-8-6-4-2/h3-10H2,1-2H3",3.16,CCCCCCCCCC
"InChI=1S/C3H6/c1-3-2/h3H,1H2,2H3",1.3200000000000005,C=CC
"InChI=1S/C9H9N/c1-7-6-10-9-5-3-2-4-8(7)9/h2-6,10H,1H3",-5.88,Cc1c[nH]c2ccccc12
"InChI=1S/C4H8Cl3O4P/c1-10-12(9,11-2)3(8)4(5,6)7/h3,8H,1-2H3/t3-/m1/s1",-12.739999999999998,COP(=O)(OC)[C@@H](O)C(Cl)(Cl)Cl
InChI=1S/C6H12/c1-2-4-6-5-3-1/h1-6H2,1.2299999999999995,C1CCCCC1
"InChI=1S/C9H12/c1-8(2)9-6-4-3-5-7-9/h3-8H,1-2H3",-0.2999999999999998,CC(C)c1ccccc1
"InChI=1S/C8H18/c1-6(2)8(5)7(3)4/h6-8H,1-5H3",2.56,CC(C)C(C)C(C)C
"InChI=1S/C8H19N/c1-3-5-7-9-8-6-4-2/h9H,3-8H2,1-2H3",-3.24,CCCCNCCCC
"InChI=1S/C4H10S/c1-2-3-4-5/h5H,2-4H2,1H3",-0.9900000000000002,CCCCS
InChI=1S/C12H4Cl4O2/c13-7-8(14)10(16)12-11(9(7)15)17-5-3-1-2-4-6(5)18-12/h1-4H,-3.81,Clc1c(Cl)c(Cl)c2c(c1Cl)Oc1ccccc1O2
"InChI=1S/C9H8Cl2O4/c1-14-8-5(10)4(3-12)6(11)9(15-2)7(8)13/h3,13H,1-2H3",-8.68,COc1c(O)c(OC)c(Cl)c(C=O)c1Cl
InChI=1S/CHClF2/c2-1(3)4/h1H,-0.5,FC(F)Cl
"InChI=1S/C8H7NO4/c1-13-8(10)6-2-4-7(5-3-6)9(11)12/h2-5H,1H3",-6.88,COC(=O)c1ccc([N+](=O)[O-])cc1
"InChI=1S/C7H7NO/c1-6(9)7-3-2-4-8-5-7/h2-5H,1H3",-8.26,CC(=O)c1cccnc1
"InChI=1S/C9H18O/c1-2-3-4-5-6-7-8-9-10/h9H,2-8H2,1H3",-2.07,CCCCCCCCC=O
"InChI=1S/C3H6O2/c1-2-3(4)5/h2H2,1H3,(H,4,5)",-6.46,CCC(=O)O
"InChI=1S/C9H12/c1-7-5-4-6-8(2)9(7)3/h4-6H,1-3H3",-1.21,Cc1cccc(C)c1C
"InChI=1S/C7H7Cl/c8-6-7-4-2-1-3-5-7/h1-5H,6H2",-1.93,ClCc1ccccc1
"InChI=1S/C7H14/c1-7-5-3-2-4-6-7/h7H,2-6H2,1H3",1.7000000000000002,CC1CCCCC1
"InChI=1S/C5H6S/c1-5-3-2-4-6-5/h2-4H,1H3",-1.38,Cc1cccs1
InChI=1S/C5H5N/c1-2-4-6-5-3-1/h1-5H,-4.69,c1ccncc1
"InChI=1S/C4H9Cl/c1-2-3-4-5/h2-4H2,1H3",-0.16000000000000014,CCCCCl
"InChI=1S/C6H12O/c1-5-3-4-6(2)7-5/h5-6H,3-4H2,1-2H3/t5-,6-/m0/s1",-2.92,C[C@H]1CC[C@H](C)O1
"InChI=1S/C8H10O2/c1-6-3-4-7(9)8(5-6)10-2/h3-5,9H,1-2H3",-5.8,COc1cc(C)ccc1O
"InChI=1S/C10H6Cl8/c11-2-1-3(12)5-4(2)8(15)6(13)7(14)9(5,16)10(8,17)18/h2-5H,1H2/t2-,3+,4-,5+,8+,9-",-3.44,ClC1=C(Cl)[C@]2(Cl)[C@H]3[C@@H](Cl)C[C@@H](Cl)[C@H]3[C@@]1(Cl)C2(Cl)Cl
"InChI=1S/C7H8/c1-7-5-3-2-4-6-7/h2-6H,1H3",-0.8999999999999999,Cc1ccccc1
"InChI=1S/C5H10O2/c1-5(2)3-7-4-6/h4-5H,3H2,1-2H3",-2.22,CC(C)COC=O
"InChI=1S/C9H10O3/c1-2-12-9(11)7-3-5-8(10)6-4-7/h3-6,10H,2H2,1H3",-9.2,CCOC(=O)c1ccc(O)cc1
"InChI=1S/C6H14O2/c1-3-7-5-6-8-4-2/h3-6H2,1-2H3",-3.54,CCOCCOCC
"InChI=1S/C8H16O2/c1-3-5-6-7-10-8(9)4-2/h3-7H2,1-2H3",-2.11,CCCCCOC(=O)CC
"InChI=1S/C9H12O/c1-2-3-8-4-6-9(10)7-5-8/h4-7,10H,2-3H2,1H3",-5.21,CCCc1ccc(O)cc1
"InChI=1S/C5H10/c1-4-5(2)3/h4H,1-3H3",1.3099999999999996,CC=C(C)C
InChI=1S/C2H4Cl2/c3-1-2-4/h1-2H2,-1.7899999999999998,ClCCCl
"InChI=1S/C7H16/c1-5-7(3,4)6-2/h5-6H2,1-4H3",2.56,CCC(C)(C)CC
"InChI=1S/C12H12/c1-9-7-11-5-3-4-6-12(11)8-10(9)2/h3-8H,1-2H3",-2.78,Cc1cc2ccccc2cc1C
"InChI=1S/C7H9N/c1-6-4-3-5-7(2)8-6/h3-5H,1-2H3",-4.59,Cc1cccc(C)n1
"InChI=1S/C3H4Cl2F2O/c1-8-3(6,7)2(4)5/h2H,1H3",-1.12,COC(F)(F)C(Cl)Cl
"InChI=1S/C6H12O3/c1-3-8-4-5-9-6(2)7/h3-5H2,1-2H3",-5.31,CCOCCOC(C)=O
"InChI=1S/C7H9NO/c1-9-7-4-2-3-6(8)5-7/h2-5H,8H2,1H3",-7.29,COc1cccc(N)c1
InChI=1S/C6H5NO/c8-5-6-2-1-3-7-4-6/h1-5H,-7.1,O=Cc1cccnc1
"InChI=1S/C5H12O/c1-4-5(2,3)6/h6H,4H2,1-3H3",-4.43,CCC(C)(C)O
"InChI=1S/C14H20ClNO2/c1-4-11-7-6-8-12(5-2)14(11)16(10-18-3)13(17)9-15/h6-8H,4-5,9-10H2,1-3H3",-8.21,CCc1cccc(CC)c1N(COC)C(=O)CCl
"InChI=1S/C5H7N/c1-6-4-2-3-5-6/h2-5H,1H3",-2.89,Cn1cccc1
"InChI=1S/C3H8O2/c1-4-3-5-2/h3H2,1-2H3",-2.93,COCOC
"InChI=1S/C5H12O/c1-3-5(6)4-2/h5-6H,3-4H2,1-2H3",-4.35,CCC(O)CC
"InChI=1S/C11H22O/c1-3-4-5-6-7-8-9-10-11(2)12/h3-10H2,1-2H3",-2.15,CCCCCCCCCC(C)=O
InChI=1S/C2H4BrCl/c3-1-2-4/h1-2H2,-1.95,ClCCBr
InChI=1S/C6H5I/c7-6-4-2-1-3-5-6/h1-5H,-1.7400000000000002,Ic1ccccc1
"InChI=1S/C9H14O/c1-7-4-8(10)6-9(2,3)5-7/h4H,5-6H2,1-3H3",-5.18,CC1=CC(=O)CC(C)(C)C1
"InChI=1S/C2H5I/c1-2-3/h2H2,1H3",-0.7400000000000002,CCI
"InChI=1S/C10H14O2/c1-3-4-8-5-6-9(11)10(7-8)12-2/h5-7,11H,3-4H2,1-2H3",-5.26,CCCc1ccc(O)c(OC)c1
"InChI=1S/C3H7Br/c1-3(2)4/h3H,1-2H3",-0.48,CC(C)Br
"InChI=1S/C7H7Br/c1-6-2-4-7(8)5-3-6/h2-5H,1H3",-1.3899999999999997,Cc1ccc(Br)cc1
"InChI=1S/C8H10O/c1-2-7-4-3-5-8(9)6-7/h3-6,9H,2H2,1H3",-6.25,CCc1cccc(O)c1
"InChI=1S/C10H16O/c1-7(2)9-5-4-8(3)10(11)6-9/h4,9-11H,1,5-6H2,2-3H3/t9-,10+/m1/s1",-4.44,C=C(C)[C@@H]1CC=C(C)[C@@H](O)C1
InChI=1S/C6H4Br2/c7-5-1-2-6(8)4-3-5/h1-4H,-2.3,Brc1ccc(Br)cc1
"InChI=1S/C8H6Cl2O3/c1-13-7-5(10)3-2-4(9)6(7)8(11)12/h2-3H,1H3,(H,11,12)",-9.86,COc1c(Cl)ccc(Cl)c1C(=O)O
"InChI=1S/C5H10/c1-3-5-4-2/h3,5H,4H2,1-2H3/b5-3-",1.3099999999999996,C/C=C\CC
InChI=1S/C2H6/c1-2/h1-2H3,1.83,CC
"InChI=1S/C4H10S/c1-3-5-4-2/h3-4H2,1-2H3",-1.46,CCSCC
"InChI=1S/C6H4N2/c7-4-6-2-1-3-8-5-6/h1-3,5H",-6.75,N#Cc1cccnc1
"InChI=1S/C6H4Cl2O/c7-5-2-1-4(9)3-6(5)8/h1-3,9H",-7.29,Oc1ccc(Cl)c(Cl)c1
"InChI=1S/C8H10O/c1-6-3-4-7(2)8(9)5-6/h3-5,9H,1-2H3",-5.91,Cc1ccc(C)c(O)c1
"InChI=1S/C5H10/c1-3-5-4-2/h3H,1,4-5H2,2H3",1.6799999999999995,C=CCCC
"InChI=1S/C7H12/c1-3-5-7-6-4-2/h1H,4-7H2,2H3",0.5999999999999996,C#CCCCCC
"InChI=1S/C10H20O/c1-3-4-5-6-7-8-9-10(2)11/h3-9H2,1-2H3",-2.34,CCCCCCCCC(C)=O
InChI=1S/C6H5Cl/c7-6-4-2-1-3-5-6/h1-5H,-1.12,Clc1ccccc1
"InChI=1S/C17H21NO/c1-18(2)13-14-19-17(15-9-5-3-6-10-15)16-11-7-4-8-12-16/h3-12,17H,13-14H2,1-2H3",-9.34,CN(C)CCOC(c1ccccc1)c1ccccc1
"InChI=1S/C5H10O/c1-2-3-4-5-6/h5H,2-4H2,1H3",-3.03,CCCCC=O
InChI=1S/C12H10O/c1-3-7-11(8-4-1)13-12-9-5-2-6-10-12/h1-10H,-2.87,c1ccc(Oc2ccccc2)cc1
InChI=1S/C6H10O/c7-6-4-2-1-3-5-6/h1-5H2,-4.91,O=C1CCCCC1
"InChI=1S/C4H9NO2/c1-2-3-4-5(6)7/h2-4H2,1H3",-3.09,CCCC[N+](=O)[O-]
InChI=1S/C6H5NO/c8-5-6-1-3-7-4-2-6/h1-5H,-7.0,O=Cc1ccncc1
InChI=1S/C4H8Cl2O/c5-1-3-7-4-2-6/h1-4H2,-4.23,ClCCOCCCl
"InChI=1S/C2H5NO2/c1-2-3(4)5/h2H2,1H3",-3.71,CC[N+](=O)[O-]
InChI=1S/C5H4ClN/c6-5-2-1-3-7-4-5/h1-4H,-4.01,Clc1cccnc1
"InChI=1S/C7H14O/c1-2-3-4-5-6-7-8/h7H,2-6H2,1H3",-2.67,CCCCCCC=O
InChI=1S/C12H6Cl4/c13-7-3-1-4-8(14)11(7)12-9(15)5-2-6-10(12)16/h1-6H,-2.28,Clc1cccc(Cl)c1-c1c(Cl)cccc1Cl
"InChI=1S/C8H16O/c1-2-3-4-5-6-7-8-9/h8H,2-7H2,1H3",-2.29,CCCCCCCC=O
"InChI=1S/C10H18O/c1-7(2)9-5-4-8(3)6-10(9)11/h7-9H,4-6H2,1-3H3/t8-,9+/m1/s1",-2.53,CC(C)[C@@H]1CC[C@@H](C)CC1=O
"InChI=1S/C6H12O6/c7-1-2-3(8)4(9)5(10)6(11)12-2/h2-11H,1H2/t2-,3-,4+,5-,6-/m1/s1",-25.47,OC[C@H]1O[C@@H](O)[C@H](O)[C@@H](O)[C@@H]1O
InChI=1S/C2H6OS/c1-4(2)3/h1-2H3,-9.28,CS(C)=O
"InChI=1S/C7H9N/c1-6-4-2-3-5-7(6)8/h2-5H,8H2,1H3",-5.53,Cc1ccccc1N
"InChI=1S/C4H9Br/c1-2-3-4-5/h2-4H2,1H3",-0.3999999999999999,CCCCBr
"InChI=1S/C9H20O/c1-2-3-4-5-6-7-8-9-10/h10H,2-9H2,1H3",-3.88,CCCCCCCCCO
InChI=1S/C2Cl4/c3-1(4)2(5)6,0.10000000000000007,ClC(Cl)=C(Cl)Cl
"InChI=1S/C4H9Br/c1-4(2,3)5/h1-3H3",0.8399999999999999,CC(C)(C)Br
"InChI=1S/C14H12/c1-12(13-8-4-2-5-9-13)14-10-6-3-7-11-14/h2-11H,1H2",-2.78,C=C(c1ccccc1)c1ccccc1
"InChI=1S/C9H12/c1-3-9-6-4-8(2)5-7-9/h4-7H,3H2,1-2H3",-0.9500000000000002,CCc1ccc(C)cc1
"InChI=1S/C6H7N/c1-6-3-2-4-7-5-6/h2-5H,1H3",-4.77,Cc1cccnc1
"InChI=1S/C6H14O4/c1-7-5-6(8-2,9-3)10-4/h5H2,1-4H3",-5.73,COCC(OC)(OC)OC
"InChI=1S/C13H10/c1-3-7-12-10(5-1)9-11-6-2-4-8-13(11)12/h1-8H,9H2",-3.35,c1ccc2c(c1)Cc1ccccc1-2
"InChI=1S/C2H6O4S/c1-5-7(3,4)6-2/h1-2H3",-5.1,COS(=O)(=O)OC
"InChI=1S/C8H14O2/c1-10-8(9)7-5-3-2-4-6-7/h7H,2-6H2,1H3",-3.3,COC(=O)C1CCCCC1
"InChI=1S/C6H13Br/c1-2-3-4-5-6-7/h2-6H2,1H3",0.18000000000000016,CCCCCCBr
"InChI=1S/C7H15Br/c1-2-3-4-5-6-7-8/h2-7H2,1H3",0.33999999999999986,CCCCCCCBr
InChI=1S/C12H7ClO2/c13-8-4-3-7-11-12(8)15-10-6-2-1-5-9(10)14-11/h1-7H,-3.52,Clc1cccc2c1Oc1ccccc1O2
"InChI=1S/C6H11NO3/c1-8-6(9-2,10-3)4-5-7/h4H2,1-3H3",-6.4,COC(CC#N)(OC)OC
"InChI=1S/C4H9Cl/c1-3-4(2)5/h4H,3H2,1-2H3/t4-/m0/s1",0.0,CC[C@H](C)Cl
"InChI=1S/C12H18/c1-2-3-4-6-9-12-10-7-5-8-11-12/h5,7-8,10-11H,2-4,6,9H2,1H3",-0.040000000000000036,CCCCCCc1ccccc1
"InChI=1S/C9H9ClO4/c1-13-6-3-5(4-11)7(10)9(14-2)8(6)12/h3-4,12H,1-2H3",-7.78,COc1cc(C=O)c(Cl)c(OC)c1O
"InChI=1S/C8H4F6/c9-7(10,11)5-2-1-3-6(4-5)8(12,13)14/h1-4H",1.0700000000000005,FC(F)(F)c1cccc(C(F)(F)F)c1
"InChI=1S/C10H10N2/c1-2-4-10(5-3-1)8-12-7-6-11-9-12/h1-7,9H,8H2",-7.63,c1ccc(Cn2ccnc2)cc1
"InChI=1S/C10H9N/c11-10-7-3-5-8-4-1-2-6-9(8)10/h1-7H,11H2",-7.28,Nc1cccc2ccccc12
"InChI=1S/C7H12O4/c1-3-10-6(8)5-7(9)11-4-2/h3-5H2,1-2H3",-6.0,CCOC(=O)CC(=O)OCC
"InChI=1S/C5H8O/c1-4(6)5-2-3-5/h5H,2-3H2,1H3",-4.61,CC(=O)C1CC1
"InChI=1S/C13H8F2O3/c14-8-2-3-9(11(15)6-8)7-1-4-12(16)10(5-7)13(17)18/h1-6,16H,(H,17,18)",-9.4,O=C(O)c1cc(-c2ccc(F)cc2F)ccc1O
"InChI=1S/C6H12O/c7-6-4-2-1-3-5-6/h6-7H,1-5H2",-5.46,OC1CCCCC1
"InChI=1S/C6H5FO/c7-5-1-3-6(8)4-2-5/h1-4,8H",-6.19,Oc1ccc(F)cc1
"InChI=1S/C6H6ClN/c7-5-3-1-2-4-6(5)8/h1-4H,8H2",-4.91,Nc1ccccc1Cl
"InChI=1S/C9H12/c1-7-4-5-8(2)9(3)6-7/h4-6H,1-3H3",-0.8599999999999999,Cc1ccc(C)c(C)c1
"InChI=1S/C9H12/c1-3-9-7-5-4-6-8(9)2/h4-7H,3H2,1-2H3",-0.8500000000000001,CCc1ccccc1C
"InChI=1S/C10H16O/c1-7(2)9-5-4-8(3)10(11)6-9/h8-9H,1,4-6H2,2-3H3/t8-,9-/m1/s1",-3.75,C=C(C)[C@@H]1CC[C@@H](C)C(=O)C1
InChI=1S/C12H10/c1-3-7-11(8-4-1)12-9-5-2-6-10-12/h1-10H,-2.7,c1ccc(-c2ccccc2)cc1
"InChI=1S/C8H10NO5PS/c1-12-15(16,13-2)14-8-5-3-7(4-6-8)9(10)11/h3-6H,1-2H3",-7.19,COP(=S)(OC)Oc1ccc([N+](=O)[O-])cc1
"InChI=1S/C10H14NO5PS/c1-3-14-17(18,15-4-2)16-10-7-5-9(6-8-10)11(12)13/h5-8H,3-4H2,1-2H3",-6.74,CCOP(=S)(OCC)Oc1ccc([N+](=O)[O-])cc1
InChI=1S/C2H6S/c1-3-2/h1-2H3,-1.6100000000000003,CSC
"InChI=1S/C16H14O3/c1-11(16(18)19)13-8-5-9-14(10-13)15(17)12-6-3-2-4-7-12/h2-11H,1H3,(H,18,19)/t11-/m0/s1",-10.78,C[C@H](C(=O)O)c1cccc(C(=O)c2ccccc2)c1
"InChI=1S/C5H10O/c6-5-3-1-2-4-5/h5-6H,1-4H2",-5.49,OC1CCCC1
"InChI=1S/C6H12O2/c1-3-4-5-6(7)8-2/h3-5H2,1-2H3",-2.56,CCCCC(=O)OC
"InChI=1S/C6H12/c1-4-5-6(2)3/h2,4-5H2,1,3H3",1.4699999999999998,C=C(C)CCC
"InChI=1S/C15H13FO2/c1-10(15(17)18)12-7-8-13(14(16)9-12)11-5-3-2-4-6-11/h2-10H,1H3,(H,17,18)/t10-/m0/s1",-8.42,C[C@H](C(=O)O)c1ccc(-c2ccccc2)c(F)c1
"InChI=1S/C13H19N3O6S/c1-4-6-14(7-5-2)13-11(15(17)18)8-10(23(3,21)22)9-12(13)16(19)20/h8-9H,4-7H2,1-3H3",-7.98,CCCN(CCC)c1c([N+](=O)[O-])cc(S(C)(=O)=O)cc1[N+](=O)[O-]
"InChI=1S/C2H3Cl/c1-2-3/h2H,1H2",-0.5899999999999999,C=CCl
"InChI=1S/C10H13NO/c1-8-4-6-9(7-5-8)10(12)11(2)3/h4-7H,1-3H3",-9.76,Cc1ccc(C(=O)N(C)C)cc1
"InChI=1S/C7H14O/c1-3-5-7(8)6-4-2/h3-6H2,1-2H3",-2.92,CCCC(=O)CCC
"InChI=1S/C8H8O2/c1-10-8(9)7-5-3-2-4-6-7/h2-6H,1H3",-3.92,COC(=O)c1ccccc1
"InChI=1S/C7H14O2/c1-3-5-7(8)9-6-4-2/h3-6H2,1-2H3",-2.28,CCCOC(=O)CCC
"InChI=1S/C4H10N2/c1-2-6-4-3-5-1/h5-6H,1-4H2",-7.4,C1CNCCN1
"InChI=1S/C14H17ClNO4PS2/c1-3-19-21(22,20-4-2)23-12(9-15)16-13(17)10-7-5-6-8-11(10)14(16)18/h5-8,12H,3-4,9H2,1-2H3/t12-/m0/s1",-5.74,CCOP(=S)(OCC)S[C@@H](CCl)N1C(=O)c2ccccc2C1=O
"InChI=1S/C4H10O2/c1-2-6-4-3-5/h5H,2-4H2,1H3",-6.69,CCOCCO
"InChI=1S/C6H14/c1-4-6(3)5-2/h6H,4-5H2,1-3H3",2.51,CCC(C)CC
"InChI=1S/C5H6N2/c1-5-4-6-2-3-7-5/h2-4H,1H3",-5.51,Cc1cnccn1
"InChI=1S/C9H12/c1-7-4-8(2)6-9(3)5-7/h4-6H,1-3H3",-0.8999999999999999,Cc1cc(C)cc(C)c1
"InChI=1S/C4H3FN2O2/c5-2-1-6-4(9)7-3(2)8/h1H,(H2,6,7,8,9)",-16.92,Oc1ncc(F)c(O)n1
"InChI=1S/C2H6O/c1-2-3/h3H,2H2,1H3",-5.0,CCO
InChI=1S/C12H4Cl4O2/c13-5-1-9-10(2-6(5)14)18-12-4-8(16)7(15)3-11(12)17-9/h1-4H,-3.37,Clc1cc2c(cc1Cl)Oc1cc(Cl)c(Cl)cc1O2
"InChI=1S/C3H6O2/c1-2-5-3-4/h3H,2H2,1H3",-2.56,CCOC=O
InChI=1S/C6H2Cl4/c7-3-1-4(8)6(10)2-5(3)9/h1-2H,-1.34,Clc1cc(Cl)c(Cl)cc1Cl
"InChI=1S/C11H16O3/c1-3-12-11(13-4-2)14-10-8-6-5-7-9-10/h5-9,11H,3-4H2,1-2H3",-5.23,CCOC(OCC)Oc1ccccc1
"InChI=1S/C6H5NO3/c8-6-3-1-2-5(4-6)7(9)10/h1-4,8H",-9.62,O=[N+]([O-])c1cccc(O)c1
"InChI=1S/C8H18O/c1-2-3-4-5-6-7-8-9/h9H,2-8H2,1H3",-4.09,CCCCCCCCO
"InChI=1S/CCl4/c2-1(3,4)5",0.08000000000000007,ClC(Cl)(Cl)Cl
"InChI=1S/C8H10O/c9-7-6-8-4-2-1-3-5-8/h1-5,9H,6-7H2",-6.79,OCCc1ccccc1
InChI=1S/C2H6S2/c1-3-4-2/h1-2H3,-1.83,CSSC
"InChI=1S/C9H8Cl3NO2S/c10-9(11,12)16-13-7(14)5-3-1-2-4-6(5)8(13)15/h1-2,5-6H,3-4H2/t5-,6-/m1/s1",-9.01,O=C1[C@@H]2CC=CC[C@H]2C(=O)N1SC(Cl)(Cl)Cl
"InChI=1S/C9H14O6/c1-6(10)13-4-9(15-8(3)12)5-14-7(2)11/h9H,4-5H2,1-3H3",-8.84,CC(=O)OCC(COC(C)=O)OC(C)=O
InChI=1S/C2H6O/c1-3-2/h1-2H3,-1.91,COC
InChI=1S/C2H4Br2/c3-1-2-4/h1-2H2,-2.33,BrCCBr
"InChI=1S/C2HCl5/c3-1(4)2(5,6)7/h1H",-1.23,ClC(Cl)C(Cl)(Cl)Cl
"InChI=1S/C5H3F3N2O2/c6-5(7,8)2-1-9-4(12)10-3(2)11/h1H,(H2,9,10,11,12)",-15.46,Oc1ncc(C(F)(F)F)c(O)n1
"InChI=1S/C8H11N/c1-6-4-3-5-7(2)8(6)9/h3-5H,9H2,1-2H3",-5.21,Cc1cccc(C)c1N
"InChI=1S/C5H10O2/c1-3-4-7-5(2)6/h3-4H2,1-2H3",-2.79,CCCOC(C)=O
InChI=1S/C9H7N/c1-2-6-9-8(4-1)5-3-7-10-9/h1-7H,-5.72,c1ccc2ncccc2c1
"InChI=1S/C2H6S/c1-2-3/h3H,2H2,1H3",-1.1399999999999997,CCS
"InChI=1S/C4H10S2/c1-3-5-6-4-2/h3-4H2,1-2H3",-1.6399999999999997,CCSSCC
InChI=1S/C4H4S/c1-2-4-5-3-1/h1-4H,-1.4,c1ccsc1
"InChI=1S/C12H12/c1-2-10-7-5-8-11-6-3-4-9-12(10)11/h3-9H,2H2,1H3",-2.4,CCc1cccc2ccccc12
"InChI=1S/C5H10O/c1-3-4-5(2)6/h3-4H2,1-2H3",-3.52,CCCC(C)=O
InChI=1S/C12H2Cl8/c13-4-2-6(15)9(17)11(19)7(4)3-1-5(14)10(18)12(20)8(3)16/h1-2H,-4.61,Clc1cc(-c2c(Cl)cc(Cl)c(Cl)c2Cl)c(Cl)c(Cl)c1Cl
"InChI=1S/C14H16F3N3O4/c1-2-5-18(8-9-3-4-9)13-11(19(21)22)6-10(14(15,16)17)7-12(13)20(23)24/h6-7,9H,2-5,8H2,1H3",-2.45,CCCN(CC1CC1)c1c([N+](=O)[O-])cc(C(F)(F)F)cc1[N+](=O)[O-]
"InChI=1S/C2H4O2/c1-2(3)4/h1H3,(H,3,4)",-6.69,CC(=O)O
"InChI=1S/C6H6N2O2/c7-5-2-1-3-6(4-5)8(9)10/h1-4H,7H2",-8.84,Nc1cccc([N+](=O)[O-])c1
"InChI=1S/C6H10/c1-3-5-6-4-2/h1H,4-6H2,2H3",0.29000000000000004,C#CCCCC
"InChI=1S/C7H9NO/c1-9-7-5-3-2-4-6(7)8/h2-5H,8H2,1H3",-6.12,COc1ccccc1N
"InChI=1S/C6H6O/c7-6-4-2-1-3-5-6/h1-5,7H",-6.6,Oc1ccccc1
"InChI=1S/C3H5N/c1-2-3-4/h2H2,1H3",-3.84,CCC#N
"InChI=1S/C10H8O/c11-10-7-3-5-8-4-1-2-6-9(8)10/h1-7,11H",-7.67,Oc1cccc2ccccc12
"InChI=1S/C6H12O2/c1-3-4-5-8-6(2)7/h3-5H2,1-2H3",-2.64,CCCCOC(C)=O
"InChI=1S/C3H7NO/c1-2-3(4)5/h2H2,1H3,(H2,4,5)",-9.4,CCC(=N)O
"InChI=1S/C3H7Br/c1-2-3-4/h2-3H2,1H3",-0.56,CCCBr
"InChI=1S/C3H7Cl/c1-3(2)4/h3H,1-2H3",-0.25,CC(C)Cl
InChI=1S/C3H6Cl2/c4-2-1-3-5/h1-3H2,-1.89,ClCCCCl
"InChI=1S/C6H5NO3/c8-6-3-1-5(2-4-6)7(9)10/h1-4,8H",-10.64,O=[N+]([O-])c1ccc(O)cc1
"InChI=1S/C3H6Cl2/c1-3(5)2-4/h3H,2H2,1H3/t3-/m0/s1",-1.27,C[C@H](Cl)CCl
"InChI=1S/C6H6ClN/c7-5-1-3-6(8)4-2-5/h1-4H,8H2",-5.9,Nc1ccc(Cl)cc1
"InChI=1S/C7H9N/c1-6-4-3-5-8-7(6)2/h3-5H,1-2H3",-4.82,Cc1cccnc1C
InChI=1S/C6H4N2/c7-5-6-1-3-8-4-2-6/h1-4H,-6.02,N#Cc1ccncc1
"InChI=1S/C8H14O/c1-7(9)8-5-3-2-4-6-8/h8H,2-6H2,1H3",-3.9,CC(=O)C1CCCCC1
"InChI=1S/C8H8O/c1-7-4-2-3-5-8(7)6-9/h2-6H,1H3",-3.93,Cc1ccccc1C=O
"InChI=1S/C7H7NO/c1-6(9)7-2-4-8-5-3-7/h2-5H,1H3",-7.62,CC(=O)c1ccncc1
InChI=1S/C12H2Cl6O2/c13-3-1-5-6(2-4(3)14)20-12-10(18)8(16)7(15)9(17)11(12)19-5/h1-2H,-3.71,Clc1cc2c(cc1Cl)Oc1c(Cl)c(Cl)c(Cl)c(Cl)c1O2
"InChI=1S/C4H8/c1-4(2)3/h1H2,2-3H3",1.16,C=C(C)C
InChI=1S/C12H5Cl5/c13-7-1-2-9(14)8(5-7)6-3-10(15)12(17)11(16)4-6/h1-5H,-3.61,Clc1ccc(Cl)c(-c2cc(Cl)c(Cl)c(Cl)c2)c1
"InChI=1S/C6H10O/c1-2-3-4-5-6-7/h4-6H,2-3H2,1H3/b5-4+",-3.68,CCC/C=C/C=O
"InChI=1S/C8H18/c1-3-5-7-8-6-4-2/h3-8H2,1-2H3",2.88,CCCCCCCC
"InChI=1S/C13H16F3N3O4/c1-3-5-17(6-4-2)12-10(18(20)21)7-9(13(14,15)16)8-11(12)19(22)23/h7-8H,3-6H2,1-2H3",-3.25,CCCN(CCC)c1c([N+](=O)[O-])cc(C(F)(F)F)cc1[N+](=O)[O-]
"InChI=1S/C4H8N2O6/c1-4(12-6(9)10)2-3-11-5(7)8/h4H,2-3H2,1H3/t4-/m0/s1",-4.29,C[C@@H](CCO[N+](=O)[O-])O[N+](=O)[O-]
"InChI=1S/C7H16/c1-4-5-6-7(2)3/h7H,4-6H2,1-3H3",2.9300000000000006,CCCCC(C)C
InChI=1S/C6Cl5NO2/c7-1-2(8)4(10)6(12(13)14)5(11)3(1)9,-5.22,O=[N+]([O-])c1c(Cl)c(Cl)c(Cl)c(Cl)c1Cl
"InChI=1S/C2HBrClF3/c3-1(4)2(5,6)7/h1H/t1-/m0/s1",-0.10999999999999988,FC(F)(F)[C@H](Cl)Br
"InChI=1S/C8H18O/c1-3-5-7-9-8-6-4-2/h3-8H2,1-2H3",-0.8300000000000001,CCCCOCCCC
"InChI=1S/C10H20/c1-2-3-4-7-10-8-5-6-9-10/h10H,2-9H2,1H3",2.55,CCCCCC1CCCC1
"InChI=1S/C7H16/c1-6(2)5-7(3)4/h6-7H,5H2,1-4H3",2.83,CC(C)CC(C)C
"InChI=1S/C4H6O/c1-2-3-4-5/h2-4H,1H3/b3-2+",-4.22,C/C=C/C=O
"InChI=1S/C7H16/c1-4-6-7(3)5-2/h7H,4-6H2,1-3H3/t7-/m1/s1",2.71,CCC[C@H](C)CC
InChI=1S/C12H5Cl5/c13-6-4-9(16)12(10(17)5-6)11-7(14)2-1-3-8(11)15/h1-5H,-1.96,Clc1cc(Cl)c(-c2c(Cl)cccc2Cl)c(Cl)c1
"InChI=1S/C4H10O2/c1-5-3-4-6-2/h3-4H2,1-2H3",-4.84,COCCOC
"InChI=1S/C10H14/c1-3-9(2)10-7-5-4-6-8-10/h4-9H,3H2,1-2H3/t9-/m0/s1",-0.4500000000000002,CC[C@H](C)c1ccccc1
"InChI=1S/C9H12O/c10-8-4-7-9-5-2-1-3-6-9/h1-3,5-6,10H,4,7-8H2",-6.92,OCCCc1ccccc1
"InChI=1S/C9H10O3/c1-11-8-5-3-7(4-6-8)9(10)12-2/h3-6H,1-2H3",-5.33,COC(=O)c1ccc(OC)cc1
"InChI=1S/C14H14O3/c1-9(14(15)16)10-3-4-12-8-13(17-2)6-5-11(12)7-10/h3-9H,1-2H3,(H,15,16)/t9-/m0/s1",-10.21,COc1ccc2cc([C@H](C)C(=O)O)ccc2c1
"InChI=1S/C4F8/c5-1(6)2(7,8)4(11,12)3(1,9)10",3.4300000000000006,FC1(F)C(F)(F)C(F)(F)C1(F)F
"InChI=1S/C7H14O2/c1-6(2)4-5-9-7(3)8/h6H,4-5H2,1-3H3",-2.21,CC(=O)OCCC(C)C
"InChI=1S/C6H13Cl/c1-2-3-4-5-6-7/h2-6H2,1H3",0.0,CCCCCCCl
"InChI=1S/C6H12O/c1-5(2)4-6(3)7/h5H,4H2,1-3H3",-3.05,CC(=O)CC(C)C
"InChI=1S/C6H12O/c1-2-3-4-5-6-7/h6H,2-5H2,1H3",-2.81,CCCCCC=O
"InChI=1S/C6H6ClN/c7-5-2-1-3-6(8)4-5/h1-4H,8H2",-5.82,Nc1cccc(Cl)c1
"InChI=1S/C4H9NO/c1-3-6-4-2-5-1/h5H,1-4H2",-7.17,C1COCCN1
"InChI=1S/C6H14O2/c1-4-7-6(3)8-5-2/h6H,4-5H2,1-3H3",-3.28,CCOC(C)OCC
"InChI=1S/C13H16F3N3O4/c1-3-5-6-17(4-2)12-10(18(20)21)7-9(13(14,15)16)8-11(12)19(22)23/h7-8H,3-6H2,1-2H3",-3.51,CCCCN(CC)c1c([N+](=O)[O-])cc(C(F)(F)F)cc1[N+](=O)[O-]
"InChI=1S/C3H6O/c1-2-3-4/h2,4H,1,3H2",-5.03,C=CCO
"InChI=1S/C3H8S/c1-3-4-2/h3H2,1-2H3",-1.5,CCSC
"InChI=1S/C7H14O2/c1-3-4-5-6-9-7(2)8/h3-6H2,1-2H3",-2.51,CCCCCOC(C)=O
InChI=1S/C6H2Cl4/c7-3-1-4(8)6(10)5(9)2-3/h1-2H,-1.62,Clc1cc(Cl)c(Cl)c(Cl)c1
"InChI=1S/C8H8O/c1-7(9)8-5-3-2-4-6-8/h2-6H,1H3",-4.58,CC(=O)c1ccccc1
"InChI=1S/C2H5Cl/c1-2-3/h2H2,1H3",-0.6299999999999999,CCCl
"InChI=1S/C8H16/c1-2-5-8-6-3-4-7-8/h8H,2-7H2,1H3",2.13,CCCC1CCCC1
"InChI=1S/C10H12O3/c1-2-7-13-10(12)8-3-5-9(11)6-4-8/h3-6,11H,2,7H2,1H3",-9.37,CCCOC(=O)c1ccc(O)cc1
"InChI=1S/C6H5ClO/c7-5-2-1-3-6(8)4-5/h1-4,8H",-6.62,Oc1cccc(Cl)c1
"InChI=1S/C5H13N/c1-2-3-4-5-6/h2-6H2,1H3",-4.09,CCCCCN
"InChI=1S/C9H13ClN2O2/c1-5-6(10)7(13)12(8(14)11-5)9(2,3)4/h1-4H3,(H,11,14)",-11.14,Cc1nc(O)n(C(C)(C)C)c(=O)c1Cl
"InChI=1S/C6H14O2/c1-2-3-5-8-6-4-7/h7H,2-6H2,1H3",-6.25,CCCCOCCO
"InChI=1S/C12H8Cl6O/c13-8-9(14)11(16)5-3-1-2(6-7(3)19-6)4(5)10(8,15)12(11,17)18/h2-7H,1H2/t2-,3+,4+,5-,6-,7+,10-,11+",-4.82,ClC1=C(Cl)[C@]2(Cl)[C@H]3[C@H]4C[C@H]([C@@H]5O[C@@H]54)[C@H]3[C@@]1(Cl)C2(Cl)Cl
"InChI=1S/C7H7NO/c8-7(9)6-4-2-1-3-5-6/h1-5H,(H2,8,9)",-11.0,N=C(O)c1ccccc1
"InChI=1S/C3H7NO2/c1-3(2)4(5)6/h3H,1-2H3",-3.13,CC(C)[N+](=O)[O-]
"InChI=1S/C3H8O3/c4-1-3(6)2-5/h3-6H,1-2H2",-13.43,OCC(O)CO
"InChI=1S/C3H7I/c1-2-3-4/h2-3H2,1H3",-0.5300000000000002,CCCI
"InChI=1S/C3H9NO/c1-5-3-2-4/h2-4H2,1H3",-6.55,COCCN
"InChI=1S/C2H2Cl4/c3-1-2(4,5)6/h1H2",-1.4299999999999995,ClCC(Cl)(Cl)Cl
InChI=1S/C5H10/c1-2-4-5-3-1/h1-5H2,1.2000000000000002,C1CCCC1
"InChI=1S/C7H9N/c1-2-7-4-3-5-8-6-7/h3-6H,2H2,1H3",-4.59,CCc1cccnc1
"InChI=1S/C7H9N/c1-6-3-7(2)5-8-4-6/h3-5H,1-2H3",-4.84,Cc1cncc(C)c1
"InChI=1S/C3H8O2/c1-5-3-2-4/h4H,2-3H2,1H3",-6.619999999999999,COCCO
"InChI=1S/C2H4O2/c1-4-2-3/h2H,1H3",-2.78,COC=O
"InChI=1S/C10H9N/c11-10-6-5-8-3-1-2-4-9(8)7-10/h1-7H,11H2",-7.47,Nc1ccc2ccccc2c1
"InChI=1S/C4H6N2/c1-4-2-5-3-6-4/h2-3H,1H3,(H,5,6)",-10.27,Cc1cnc[nH]1
"InChI=1S/C7H7NO2/c1-6-3-2-4-7(5-6)8(9)10/h2-5H,1H3",-3.45,Cc1cccc([N+](=O)[O-])c1
InChI=1S/C4H8Cl2/c5-3-1-2-4-6/h1-4H2,-2.32,ClCCCCCl
"InChI=1S/C3H5NO4/c1-3(5)2-8-4(6)7/h2H2,1H3",-5.99,CC(=O)CO[N+](=O)[O-]
"InChI=1S/C10H14/c1-10(2,3)9-7-5-4-6-8-9/h4-8H,1-3H3",-0.44,CC(C)(C)c1ccccc1
"InChI=1S/C7H14O2/c1-3-4-5-6-7(8)9-2/h3-6H2,1-2H3",-2.49,CCCCCC(=O)OC
"InChI=1S/C5H11Br/c1-2-3-4-5-6/h2-5H2,1H3",-0.10000000000000007,CCCCCBr
"InChI=1S/C8H16/c1-3-5-7-8-6-4-2/h3H,1,4-8H2,2H3",1.92,C=CCCCCCC
"InChI=1S/C10H16O/c1-7(2)9-5-4-8(3)6-10(9)11/h6-7,9H,4-5H2,1-3H3/t9-/m0/s1",-4.51,CC1=CC(=O)[C@H](C(C)C)CC1
"InChI=1S/C3H8O/c1-3(2)4/h3-4H,1-2H3",-4.74,CC(C)O
"InChI=1S/C6H15N/c1-2-3-4-5-6-7/h2-7H2,1H3",-3.95,CCCCCCN
InChI=1S/C3H6N2O6/c6-4(7)10-2-1-3-11-5(8)9/h1-3H2,-4.8,O=[N+]([O-])OCCCO[N+](=O)[O-]
"InChI=1S/C5H12O/c1-2-3-4-5-6/h6H,2-5H2,1H3",-4.57,CCCCCO
"InChI=1S/C8H18/c1-4-6-7-8(3)5-2/h8H,4-7H2,1-3H3/t8-/m0/s1",2.97,CCCC[C@@H](C)CC
"InChI=1S/C10H19O6PS2/c1-5-15-9(11)7-8(10(12)16-6-2)19-17(18,13-3)14-4/h8H,5-7H2,1-4H3/t8-/m1/s1",-8.15,CCOC(=O)C[C@@H](SP(=S)(OC)OC)C(=O)OCC
"InChI=1S/C8H10O/c1-6-3-4-8(9)5-7(6)2/h3-5,9H,1-2H3",-6.5,Cc1ccc(O)cc1C
"InChI=1S/C7H7ClO/c1-5-4-6(9)2-3-7(5)8/h2-4,9H,1H3",-6.79,Cc1cc(O)ccc1Cl
"InChI=1S/C6H14O/c1-3-5-7-6-4-2/h3-6H2,1-2H3",-1.16,CCCOCCC
"InChI=1S/C10H20O/c1-7(2)9-5-4-8(3)6-10(9)11/h7-11H,4-6H2,1-3H3/t8-,9+,10-/m1/s1",-3.2,CC(C)[C@@H]1CC[C@@H](C)C[C@H]1O
"InChI=1S/C10H19N5S/c1-6-11-7-12-8(15-10(2,3)4)14-9(13-7)16-5/h6H2,1-5H3,(H2,11,12,13,14,15)",-6.68,CCN=c1nc(NC(C)(C)C)[nH]c(SC)n1
"InChI=1S/C8H18/c1-7(2)6-8(3,4)5/h7H,6H2,1-5H3",2.89,CC(C)CC(C)(C)C
"InChI=1S/C9H18O/c1-3-5-7-9(10)8-6-4-2/h3-8H2,1-2H3",-2.64,CCCCC(=O)CCCC
"InChI=1S/C10H21NOS/c1-4-7-8-11(6-3)10(12)13-9-5-2/h4-9H2,1-3H3",-3.64,CCCCN(CC)C(=O)SCCC
"InChI=1S/C7H14/c1-3-5-7-6-4-2/h3H,1,4-7H2,2H3",1.66,C=CCCCCC
"InChI=1S/C4H8O2/c1-4(2)6-3-5/h3-4H,1-2H3",-2.02,CC(C)OC=O
"InChI=1S/C6H10O4/c1-4(7)9-6(3)10-5(2)8/h6H,1-3H3",-4.97,CC(=O)OC(C)OC(C)=O
"InChI=1S/C4H3ClN2O2/c5-2-1-6-4(9)7-3(2)8/h1H,(H2,6,7,8,9)",-17.74,Oc1ncc(Cl)c(O)n1
"InChI=1S/C9H10/c1-8(2)9-6-4-3-5-7-9/h3-7H,1H2,2H3",-1.2400000000000002,C=C(C)c1ccccc1
"InChI=1S/C5H12/c1-4-5(2)3/h5H,4H2,1-3H3",2.38,CCC(C)C
"InChI=1S/C4H9NO3/c1-2-3-4-8-5(6)7/h2-4H2,1H3",-2.09,CCCCO[N+](=O)[O-]
InChI=1S/C6H5Br/c7-6-4-2-1-3-5-6/h1-5H,-1.46,Brc1ccccc1
"InChI=1S/C2H3Cl3/c1-2(3,4)5/h1H3",-0.18999999999999995,CC(Cl)(Cl)Cl
"InChI=1S/C10H14O/c1-8(2)10-5-3-9(7-11)4-6-10/h3,7,10H,1,4-6H2,2H3/t10-/m1/s1",-4.09,C=C(C)[C@@H]1CC=C(C=O)CC1
"InChI=1S/C7H7NO2/c1-6-4-2-3-5-7(6)8(9)10/h2-5H,1H3",-3.58,Cc1ccccc1[N+](=O)[O-]
"InChI=1S/C7H15I/c1-2-3-4-5-6-7-8/h2-7H2,1H3",0.2700000000000005,CCCCCCCI
InChI=1S/C16H10/c1-3-11-7-9-13-5-2-6-14-10-8-12(4-1)15(11)16(13)14/h1-10H,-4.52,c1cc2ccc3cccc4ccc(c1)c2c34
"InChI=1S/C5H11Cl/c1-2-3-4-5-6/h2-5H2,1H3",-0.10000000000000007,CCCCCCl
"InChI=1S/C6H12O2/c1-5(2)4-8-6(3)7/h5H,4H2,1-3H3",-2.36,CC(=O)OCC(C)C
"InChI=1S/C6H6N2O2/c7-5-1-3-6(4-2-5)8(9)10/h1-4H,7H2",-9.82,Nc1ccc([N+](=O)[O-])cc1
"InChI=1S/C4H5NO2/c1-7-4(6)2-3-5/h2H2,1H3",-6.72,COC(=O)CC#N
"InChI=1S/C10H14/c1-9(2)8-10-6-4-3-5-7-10/h3-7,9H,8H2,1-2H3",0.16000000000000014,CC(C)Cc1ccccc1
InChI=1S/C12H7Cl3/c13-9-6-10(14)12(11(15)7-9)8-4-2-1-3-5-8/h1-7H,-2.16,Clc1cc(Cl)c(-c2ccccc2)c(Cl)c1
"InChI=1S/CH5N/c1-2/h2H2,1H3",-4.55,CN
"InChI=1S/C6H5ClO/c7-5-3-1-2-4-6(5)8/h1-4,8H",-4.55,Oc1ccccc1Cl
"InChI=1S/C14H9NO2/c15-8-5-6-11-12(7-8)14(17)10-4-2-1-3-9(10)13(11)16/h1-7H,15H2",-11.53,Nc1ccc2c(c1)C(=O)c1ccccc1C2=O
InChI=1S/C2H2Cl2/c3-1-2-4/h1-2H/b2-1-,-1.17,Cl/C=C\Cl
"InChI=1S/C6H12O/c1-3-4-5-6(2)7/h3-5H2,1-2H3",-3.28,CCCCC(C)=O
InChI=1S/C2H4N2O6/c5-3(6)9-1-2-10-4(7)8/h1-2H2,-5.73,O=[N+]([O-])OCCO[N+](=O)[O-]
"InChI=1S/C6H5FO/c7-5-3-1-2-4-6(5)8/h1-4,8H",-5.29,Oc1ccccc1F
InChI=1S/C11H18N4O2/c1-7-8(2)12-10(14(3)4)13-9(7)17-11(16)15(5)6/h1-6H3,-9.41,Cc1nc(N(C)C)nc(OC(=O)N(C)C)c1C
"InChI=1S/C8H8/c1-2-8-6-4-3-5-7-8/h2-7H,1H2",-1.2400000000000002,C=Cc1ccccc1
"InChI=1S/C2H3F3O/c3-2(4,5)1-6/h6H,1H2",-4.31,OCC(F)(F)F
"InChI=1S/C7H16O2/c1-3-4-5-9-6-7(2)8/h7-8H,3-6H2,1-2H3/t7-/m0/s1",-5.73,CCCCOC[C@H](C)O
"InChI=1S/C3H8O/c1-2-3-4/h4H,2-3H2,1H3",-4.85,CCCO
"InChI=1S/C8H10/c1-7-5-3-4-6-8(7)2/h3-6H,1-2H3",-0.8999999999999999,Cc1ccccc1C
"InChI=1S/C5H8/c1-3-5-4-2/h1H,4-5H2,2H3",0.009999999999999787,C#CCCC
"InChI=1S/C8H5NO2/c10-7-5-3-1-2-4-6(5)8(11)9-7/h1-4H,(H,9,10,11)",-9.61,O=C1N=C(O)c2ccccc21
"InChI=1S/C4H9I/c1-2-3-4-5/h2-4H2,1H3",-0.25,CCCCI
"InChI=1S/C7H8O/c1-6-2-4-7(8)5-3-6/h2-5,8H,1H3",-6.13,Cc1ccc(O)cc1
"InChI=1S/C3H7I/c1-3(2)4/h3H,1-2H3",-0.46,CC(C)I
"InChI=1S/C7H8O2/c1-9-7-5-3-2-4-6(7)8/h2-5,8H,1H3",-5.94,COc1ccccc1O
"InChI=1S/C5H8/c1-2-4-5-3-1/h1-2H,3-5H2",0.5599999999999996,C1=CCCC1
"InChI=1S/C3H5F3O/c1-2(7)3(4,5)6/h2,7H,1H3/t2-/m1/s1",-4.2,C[C@@H](O)C(F)(F)F
"InChI=1S/C3H9N/c1-2-3-4/h2-4H2,1H3",-4.39,CCCN
"InChI=1S/C6H5NO3/c8-6-4-2-1-3-5(6)7(9)10/h1-4,8H",-4.58,O=[N+]([O-])c1ccccc1O
"InChI=1S/C11H10/c1-9-5-4-7-10-6-2-3-8-11(9)10/h2-8H,1H3",-2.44,Cc1cccc2ccccc12
"InChI=1S/C8H14O/c1-2-3-4-5-6-7-8-9/h6-8H,2-5H2,1H3/b7-6+",-3.43,CCCCC/C=C/C=O
"InChI=1S/C12H21N2O3PS/c1-6-15-18(19,16-7-2)17-11-8-10(5)13-12(14-11)9(3)4/h8-9H,6-7H2,1-5H3",-6.48,CCOP(=S)(OCC)Oc1cc(C)nc(C(C)C)n1
"InChI=1S/C9H18O2/c1-3-4-5-6-7-8-9(10)11-2/h3-8H2,1-2H3",-2.04,CCCCCCCC(=O)OC
"InChI=1S/C4H9N/c1-2-4-5-3-1/h5H,1-4H2",-5.48,C1CCNC1
"InChI=1S/C7H6O2/c8-5-6-1-3-7(9)4-2-6/h1-5,9H",-8.83,O=Cc1ccc(O)cc1
InChI=1S/C4H8O2/c1-2-6-4-3-5-1/h1-4H2,-5.06,C1COCCO1
